"id","hash","date","time","median_time","size","stripped_size","weight","version","version_hex","version_bits","merkle_root","nonce","bits","difficulty","chainwork","coinbase_data_hex","transaction_count","witness_count","input_count","output_count","input_total","input_total_usd","output_total","output_total_usd","fee_total","fee_total_usd","fee_per_kb","fee_per_kb_usd","fee_per_kwu","fee_per_kwu_usd","cdd_total","generation","generation_usd","reward","reward_usd","guessed_miner"
"628927","0000000000000000000709ac2bc81d60bb29f55f77539ac3ed363cd229f4a825","2020-05-04","2020-05-04 18:04:19","2020-05-04 17:30:48","1198510","931569","3993217","541065216","20400000","100000010000000000000000000000","24617ad31d54572c30e4e2ce1f07609de725c31a6ce60f596fd5603b14f7055b","489142133","387031859","15958652328578","00000000000000000000000000000000000000000f24a7188500e30413915880","03bf980941d7ac1649c7f0d941d7ac1648fd8ab52f315448617368263538434f494e2ffabe6d6db0f58695cb6c242f62cadf34bbd25ecaf9e74ef3b18a2c32dc333231993bc2588000000000000000c900de49e28c010000000000","1958","843","6131","4841","527159217076","46878400","528409217076","46989600","67147958","5971.23","56044.4","4.98383","16821.6","1.49589","7591.9259911996","1250000000","111158","1317147958","117129","1THash&58COIN"
"628926","0000000000000000000e0bbfc81412e8cf478dc79f5320d6ce02b28110f64820","2020-05-04","2020-05-04 17:58:32","2020-05-04 17:09:35","1194160","933082","3993406","545259520","20800000","100000100000000000000000000000","f938e4305d6f6bad6bb0347e645c9aeb9e4652b4d2890a4ecb7b3b7d3329780b","2271992876","387031859","15958652328578","00000000000000000000000000000000000000000f249894ccaf903054ab6dec","03be980904cb57b05e2f706f6f6c696e2e636f6d2ffabe6d6d1ba2abfecf76bc3db647bd5aaad6c045cdbbd6d2a744dedea253010aa04dcd0501000000000000008a8265170ff6739c40cd233f9e56392f0fec9c2ccd001069000000000000","3049","832","5737","6388","337142327857","29980900","338392327857","30092000","50485475","4489.5","42292.7","3.76095","12647.5","1.1247","21868.714109871","1250000000","111158","1300485475","115648","Poolin"
"628925","00000000000000000009c6c4ddc5a6dea1339b12c1630d52332df5a17b492775","2020-05-04","2020-05-04 17:58:25","2020-05-04 17:02:37","1237795","918594","3993577","536870912","20000000","100000000000000000000000000000","0d6def4678a21e564e51959d53030333ae034a94bb9f78ec771b647b66289eaa","2324130301","387031859","15958652328578","00000000000000000000000000000000000000000f248a11145e3d5c95c58358","03bd980904aa57b05e2f706f6f6c696e2e636f6d2ffabe6d6d3b72ec8a2bfbcf2c102480372002c123a585f72b613cdb456d3b5d7eb8de94e00100000000000000ab60902024a2c28c8368bb34bfb5eea0102410b94500db8a000000000000","2942","1267","5779","6658","1077835198780","95848100","1079085198780","95959300","68706282","6109.81","55527","4.93782","17211.4","1.53055","10470.072224861","1250000000","111158","1318706282","117268","Poolin"
"628924","00000000000000000001e88a21187b1bc4dbf4e441f7c296ef2b6753b4a3314f","2020-05-04","2020-05-04 17:52:19","2020-05-04 16:57:20","1318106","891739","3993323","536870912","20000000","100000000000000000000000000000","463ea19ca9834d1ee5a2a98638b2af2d6bdc39ef1991de1eeeef98ff7c85fb77","104242135","387031859","15958652328578","00000000000000000000000000000000000000000f247b8d5c0cea88d6df98c4","03bc9809044556b05e626a30332f4254432e434f4d2ffabe6d6dc83f279dd52fbf54f6a1fbd9a18a4d0695f576da37d8bc875c85ea4d7259176d080000007296cd100bfdc70b00007c7a2b290000","2338","1028","6234","4847","277536057686","24680300","278786057686","24791500","65504320","5825.07","49711.8","4.4207","16410","1.45928","46112.057193354","1250000000","111158","1315504320","116983","BTC.com"
"628923","000000000000000000084f804ea082b426979060213dd54423df46bfdcda3bc1","2020-05-04","2020-05-04 17:50:05","2020-05-04 16:48:44","1241706","917161","3993189","536870912","20000000","100000000000000000000000000000","a8cf293fa4955de9421d43a5961c75addc5d561e0472de181d78c90ba400d832","560310638","387031859","15958652328578","00000000000000000000000000000000000000000f246d09a3bb97b517f9ae30","03bb98091a4d696e656420627920416e74506f6f6c34ae00010220d0d9f13ffabe6d6d0cb914ae11c78d8dd939d1fdd5932bfeb48376186b6b3398d0f583441b52499d0400000000000000d8f0110077a50200","2885","1446","5305","8984","1200009548689","106713000","1201259548689","106824000","84990046","7557.87","68467.2","6.08855","21291.3","1.89336","29430.817302757","1250000000","111158","1334990046","118716","AntPool"
"628922","0000000000000000000bcc9cc1b6d3cbc1745d234e1f3d17b50c59083cec631f","2020-05-04","2020-05-04 17:30:48","2020-05-04 16:36:23","1289787","901137","3993198","536870912","20000000","100000000000000000000000000000","73c3e6f55c152620277f979303a31e8fc81471c119b5a73950ce488bb4965a9e","2046354479","387031859","15958652328578","00000000000000000000000000000000000000000f245e85eb6a44e15913c39c","03ba9809044951b05e485a2f48756f42692ffabe6d6d2d5cd7ed0b1076b9067f10319ac765d031da66fb4d136234883bf0b7f65b35f208000000352a0978196bd88b4848040000000000","2902","1559","5263","9290","1050044851315","93376800","1051294851315","93488000","91268308","8116.17","70782.7","6.29446","22863.8","2.0332","16386.323290576","1250000000","111158","1341268308","119274","Huobi"
"628921","00000000000000000006f6c1d7c0793f459ac54891a7660fbeb52a182a7423f8","2020-05-04","2020-05-04 17:09:35","2020-05-04 16:34:52","1196742","933927","3998523","541065216","20400000","100000010000000000000000000000","31849d4722b943a5fdad4bbb0fca2b43f92b937a41e0c3e87dbd54f542469335","1233285379","387031859","15958652328578","00000000000000000000000000000000000000000f2450023318f20d9a2dd908","03b998092cfabe6d6d9e93feddce22e2bfcace5a845f8a89fa5c636af3eebf605a9d544bbb3c22243b10000000f09f909f082f4632506f6f6c2f134d696e65642062792076616869646b68686868000000000000000000000000000000000500d9cb0000","2500","983","6000","5686","460848222606","40981600","462098222606","41092800","69196741","6153.42","57843.2","5.14379","17313.1","1.53959","54339.813529379","1250000000","111158","1319196741","117312","F2Pool"
"628920","00000000000000000005951e222ef5dd27cd2e66208ac57da84a7fae1201f535","2020-05-04","2020-05-04 17:02:37","2020-05-04 15:41:10","1230417","921049","3993564","536870912","20000000","100000000000000000000000000000","55bec69b06e66f928881cd6c629dfc190ce21113469127d4f54a7f153a7acc08","3923067725","387031859","15958652328578","00000000000000000000000000000000000000000f24417e7ac79f39db47ee74","03b8980904ae4ab05e652f4254432e434f4d2ffabe6d6d19e28dc46004ccaf568b8760f22129dda6d9a73fb0f623a9540aaf17f8257b4808000000ceeed33d3007f02110e4000000000000","2769","1080","5994","6689","642649414910","57148600","643899414910","57259700","70002188","6225.05","56912.6","5.06104","17535.7","1.55939","9527.5409615712","1250000000","111158","1320002188","117383","BTC.com"
"628919","0000000000000000000c0e0f1aac6b00868a220f35689f0ecabdca4e2e2e3dda","2020-05-04","2020-05-04 16:57:20","2020-05-04 15:39:21","1210941","927441","3993264","536928256","2000e000","100000000000001110000000000000","96f09e17ceeb49484d211cadbf48eade20986096e5e47bcd06c04948554fd027","1945757640","387031859","15958652328578","00000000000000000000000000000000000000000f2432fac2764c661c6203e0","03b79809046e49b05e2f706f6f6c696e2e636f6d2ffabe6d6dbb7b708eeb60b1432a79312f5ea3d295712c7e7aa8f6de0be34c3961543dadb1010000000000000066aa458e2d3a21f7adda3fd95684a1a411eff1f96e005c03010000000000","3029","1284","5080","8960","931422720020","82828200","932672720020","82939300","78004382","6936.66","64440","5.73043","19542.2","1.73782","7828.0297401853","1250000000","111158","1328004382","118095","Poolin"
"628918","0000000000000000000f519c17fb459d480cd42c48c0331b82a42e6a9494d5d9","2020-05-04","2020-05-04 16:48:44","2020-05-04 15:30:43","1365801","875834","3993303","545259520","20800000","100000100000000000000000000000","7e442d38de48e43b4ba8390f4cf7623df64158aaef375d26e21c971f067370a5","3067704513","387031859","15958652328578","00000000000000000000000000000000000000000f2424770a24f9925d7c194c","03b69809046c47b05e485a2f48756f42692ffabe6d6d316ac2329952912803717b8fa12e41b642cdce2325696cce753042de5209d41e08000000352a09780c90bb2baa92030000000000","2761","1396","5581","8156","872437178552","77582800","873687178552","77693900","80943205","7198","59280.4","5.2716","20276.7","1.80314","9157.4442694098","1250000000","111158","1330943205","118356","Huobi"
"628917","000000000000000000030f0819053961a26cdce85711e48bc92d111dd8097d84","2020-05-04","2020-05-04 16:36:23","2020-05-04 15:28:52","1302063","897076","3993291","549453824","20c00000","100000110000000000000000000000","527846de51c25ad79abeb96261e936e2b76e1e6a3f8169dd494349aff4993cae","2262763581","387031859","15958652328578","00000000000000000000000000000000000000000f2415f351d3a6be9e962eb8","03b598091b4d696e656420627920416e74506f6f6c3832ae00ab0320b69178ddfabe6d6dae921532c9522d1de6f27875ee34633a9cf1534bfac0f1a5e05ea52e0b69bedf040000000000000013110000954f0300","2718","1253","5847","7556","702332599530","62456000","703582599530","62567100","78430169","6974.52","60253","5.35809","19647.5","1.74718","3869.5925219095","1250000000","111158","1328430169","118133","AntPool"
"628916","000000000000000000060bd745b92e67a0934ccd73d5246ca2886259f31d7485","2020-05-04","2020-05-04 16:34:52","2020-05-04 15:19:59","1269008","907997","3992999","536870912","20000000","100000000000000000000000000000","f054fbe596ba4153e4bfb2ee2dcd0cdf5bc0b1b014e4062a58233e81b52f2efa","1636929596","387031859","15958652328578","00000000000000000000000000000000000000000f24076f998253eadfb04424","03b49809fabe6d6d8f1fb42a7974c6c0969123f42a04bf9dfd2c2bbd73416a5b41261b1f31281b5b01000000000000006465050870eb489b2d0100fd6e282f736c7573682f","3312","1485","5357","8781","1598446726098","142144000","1599696726098","142255000","116870593","10392.9","92123.1","8.19219","29279","2.60368","18213.312447269","1250000000","111158","1366870593","121551","SlushPool"
"628915","000000000000000000028ffd4b07c22fc41e19b70e64df158dcc7892e60d1f8c","2020-05-04","2020-05-04 15:41:10","2020-05-04 15:12:52","1302524","896933","3993323","541065216","20400000","100000010000000000000000000000","da58ae2a801d0a25ad5f89b5607ae800c8bfb74d5d7077e51fa20366b66ceb62","3280694104","387031859","15958652328578","00000000000000000000000000000000000000000f23f8ebe131011720ca5990","03b398091c2f5669614254432f4d696e656420627920696e76657374636d67312f2cfabe6d6dc54f6bdb525085041f0dc6224761e4f8cf2d008f1ee825b9440e6af92ece710110000000000000001010503608f546b258240e6746a44d0000","1322","644","6687","4578","115925698629","10308900","117175698629","10420000","17553894","1561.01","13480.9","1.19881","4397.45","0.391049","9901.687271123","1250000000","111158","1267553894","112719","ViaBTC"
"628914","0000000000000000000ee887ce364e23a9c05c240a7f0d9c6c8663468d337fc1","2020-05-04","2020-05-04 15:39:21","2020-05-04 15:04:54","1283895","903219","3993552","805298176","2fffe000","101111111111111110000000000000","be809e0cc2157a543f0811627e710ca8731a8331b7709c07708ab05de9c0452a","572124608","387031859","15958652328578","00000000000000000000000000000000000000000f23ea6828dfae4361e46efc","03b29809042a37b05e626a2f4d696e696e67436974792ffabe6d6d09e1d642de114de3395a7ae4e9df6b644a3bafbe9be8a03c09ce57468e68d65c080000007296cd102400003d57eb330000000000","2681","1255","6025","6856","709060263183","63054300","710310263183","63165400","47119020","4190.13","36712.3","3.2647","11803.5","1.04965","9626.2127074136","1250000000","111158","1297119020","115348","Unknown"
"628913","00000000000000000009b8ad57c2d22afafdeb0a4beea67dca0c35673650e6d9","2020-05-04","2020-05-04 15:30:43","2020-05-04 14:56:53","1190085","934422","3993351","536870912","20000000","100000000000000000000000000000","4572487e28f70398f5465bc486ae0f495e838aae1478a884ecd7017d2b7c0068","3246667342","387031859","15958652328578","00000000000000000000000000000000000000000f23dbe4708e5b6fa2fe8468","03b198091d2f5669614254432f4d696e656420627920686976656c6163687574652f2cfabe6d6d7c85180b1ca75a34882d5a38c96771bde7c444f80bcd2cb442bc90d247f2c14e100000000000000010ee4fa00f6b11a78d7115307c9ee50000","2762","937","6015","5693","194196242563","17269200","195446242563","17380400","16109908","1432.6","13541.3","1.20418","4035.69","0.35888","20314.296878511","1250000000","111158","1266109908","112591","ViaBTC"
"628912","0000000000000000000cde1a99e3091b2025d48f082008f7c3e155616a358ac8","2020-05-04","2020-05-04 15:28:52","2020-05-04 14:46:07","1224854","922817","3993305","1073733632","3fffe000","111111111111111110000000000000","e3e894b134597497cfd13fbff62c34602808185e0a760f1d1c2e0d0547a1882a","195532856","387031859","15958652328578","00000000000000000000000000000000000000000f23cd60b83d089be41899d4","03b09809fabe6d6d72d360bfe389a0e9be1e62ce1af6195f35835cae83cdf580b9e723a50e4a1b2f010000000000000016650600374132251401000000000053a8afbe022f736c7573682f","2881","1159","5725","7012","617854012910","54943600","619104012910","55054800","42034548","3737.99","34328.6","3.05272","10530","0.936393","45786.159012466","1250000000","111158","1292034548","114896","SlushPool"
"628911","000000000000000000005d80d86f215d33c0a40431995b34a70b99e10c051b66","2020-05-04","2020-05-04 15:19:59","2020-05-04 14:42:09","1237831","918496","3993319","536870912","20000000","100000000000000000000000000000","5ac3290f99256c0b6e14b8e5312bd5cb116f32745926ea8b36aba46d215deff2","3803715207","387031859","15958652328578","00000000000000000000000000000000000000000f23bedcffebb5c82532af40","03af980941d7ac0ca8ecdc6741d7ac0ca7e88fef2f315448617368263538434f494e2ffabe6d6d693006a3b27cfe4d7025ce319595f8a252af2aee2beaaeba478aabe7ade617508000000000000000d300809c626e000000000000","2937","1256","5629","6866","546319535583","48582300","547569535583","48693400","43291628","3849.77","34984.8","3.11107","10844.9","0.964403","15527.180548593","1250000000","111158","1293291628","115008","1THash&58COIN"
"628910","0000000000000000001196b895e7e53e3373b367780455def39f09e52a353e6c","2020-05-04","2020-05-04 15:12:52","2020-05-04 14:36:26","1210248","927596","3993036","549453824","20c00000","100000110000000000000000000000","fa8d0784a3013282b2ab22819c5c8a7dfe6cc5f2daed22e77615377fdfb9ddb8","2869690949","387031859","15958652328578","00000000000000000000000000000000000000000f23b059479a62f4664cc4ac","03ae98091b4d696e656420627920416e74506f6f6c32344e0047022098b2cfa3fabe6d6d8a548d232394ea27711d17b22f77605d1b7990540100615b89ba0ccbd1dd634f04000000000000008f4e100054e50200","2504","1068","5808","6316","447250058730","39772400","448500058730","39883500","44216077","3931.98","36546.3","3.24993","11077.2","0.98506","6355.7102734185","1250000000","111158","1294216077","115090","AntPool"
"628909","0000000000000000000dde5263df1613829d9b576ae72f04e82877b2b6fae783","2020-05-04","2020-05-04 15:04:54","2020-05-04 14:35:16","1230798","920734","3993000","671080448","27ffe000","100111111111111110000000000000","bfa77cb6a78ef46cad9b6fcb7853ab3f0c7759de681c1604780024e386fd49fe","3677382852","387031859","15958652328578","00000000000000000000000000000000000000000f23a1d58f491020a766da18","03ad980941d7ac0bc5eff5e841d7ac0bc5a5d0b72f48756f62692ffabe6d6d1e835be2cc9f3ed64f7235334403c94a876c2681a926fa3dae3eb778260509d88000000000000000d60099904d0f340000000000","2792","1125","5684","7362","518392304637","46098800","519642304637","46210000","47622696","4234.92","38704.5","3.44186","11930.8","1.06096","12019.765805043","1250000000","111158","1297622696","115393","Huobi"
"628908","0000000000000000000d71297a1d7ad0c4f1aff5aeb4cec2525305ba5f34d3f3","2020-05-04","2020-05-04 14:56:53","2020-05-04 14:31:34","1254421","912987","3993382","536870912","20000000","100000000000000000000000000000","b6045cd1314827e3e8d2279f9e619b61444fbc7100bcd472f381dce57be9a409","1370954984","387031859","15958652328578","00000000000000000000000000000000000000000f239351d6f7bd4ce880ef84","03ac98091c4d696e656420627920416e74506f6f6c31333285012d012092fc4e12fabe6d6d1d3ff02178b641c7604989d323947523bb086701c3f3dd802c101866e939ed1204000000000000000bf3000089575b00","2681","1388","5570","7641","810922203738","72112500","812172203738","72223600","61534476","5472.05","49069.1","4.36354","15414.6","1.37077","40638.808973347","1250000000","111158","1311534476","116630","AntPool"
"628907","0000000000000000000018b1d56c6ccbc8ff2d65354608a48117f4baa88bb0a8","2020-05-04","2020-05-04 14:46:07","2020-05-04 14:09:31","1160134","944413","3993373","1073733632","3fffe000","111111111111111110000000000000","944efa03af7df34e2cdcfdc7cd8d82e607ba7f1ee196b503694c4869bbe898dd","2727314349","387031859","15958652328578","00000000000000000000000000000000000000000f2384ce1ea66a79299b04f0","03ab9809049a2ab05e2f706f6f6c696e2e636f6d2ffabe6d6db6d23beb898245c5c35a5fe5b69e72d1aa534b7d768f6b517bd653f242f230c401000000000000009a66387990395d6986f68523b4abcb48113ea8be98002b6a000000000000","2805","882","5667","6188","581432000831","51704700","582682000831","51815900","22599650","2009.71","19487.7","1.73297","5661.66","0.503472","32376.687055327","1250000000","111158","1272599650","113168","Poolin"
"628906","0000000000000000001140572e603f5cf5977104e5255304797db5c1d0a94271","2020-05-04","2020-05-04 14:42:09","2020-05-04 14:06:39","1256277","912250","3993027","538968064","20200000","100000001000000000000000000000","3513982c1c1837d374882b884b30e39ff8c0a09206e9b4901fe309e694ea654e","872010286","387031859","15958652328578","00000000000000000000000000000000000000000f23764a665517a56ab51a5c","03aa980941d7ac0a70ca667d41d7ac0a7061ae852f4254432e544f502f5355422ffabe6d6d110a29b13aa9c807a5d32c1ebddc9ccbf7069c3a2bb07b23f82982631e9486298000000000000000c9009d968917010000000000","2572","956","5852","7113","487723975037","43371600","488973975037","43482700","38643974","3436.47","30770.2","2.73629","9681.36","0.860929","17283.594211449","1250000000","111158","1288643974","114595","BTC.TOP"
"628905","00000000000000000001a4b7c871c3549bde865c2076a2e52f75148523bd0a5a","2020-05-04","2020-05-04 14:36:26","2020-05-04 14:06:24","1159886","944533","3993485","549453824","20c00000","100000110000000000000000000000","ff87d29f489aa1f5d849888d4fe8bb6403004699b4385a3faeea1946f5f3e39c","2764223276","387031859","15958652328578","00000000000000000000000000000000000000000f2367c6ae03c4d1abcf2fc8","03a99809046a28b05e455530322f4254432e434f4d2ffabe6d6da3b7d01d538392cf74099e6e426c63253aac6b5716cea140f99af7479bbe2216020000004204cb9a19be5da3a1fa000000000000","2060","515","5673","6633","187780889754","16698700","189030889754","16809900","19405049","1725.62","16736.3","1.4883","4861.11","0.432282","18375.145000888","1250000000","111158","1269405049","112884","BTC.com"
"628904","0000000000000000000462c2c5d8a2edf024dc122484d633c464977a09b7f9b8","2020-05-04","2020-05-04 14:35:16","2020-05-04 13:53:25","1365800","875729","3992987","541065216","20400000","100000010000000000000000000000","6439c0533ba3ad969c3f3625ad2bc1d0c4113ebc16b27ca351420a8298051873","3302960916","387031859","15958652328578","00000000000000000000000000000000000000000f235942f5b271fdece94534","03a898091c4d696e656420627920416e74506f6f6c31303985000b01208b401514fabe6d6dbeae35d1c427d0e8e576d901cb404c096936b9a6fbe188347e462e307f01347e04000000000000003f5a0000f9410300","2542","1256","6192","5800","1188550113964","105694000","1189800113964","105805000","54011873","4803.09","39557.1","3.51767","13531.5","1.20331","21131.429618892","1250000000","111158","1304011873","115961","AntPool"
"628903","00000000000000000001fa5ace47e2b0eed4b43edf12f6a013f9c7fc7e1b0ca7","2020-05-04","2020-05-04 14:31:34","2020-05-04 13:52:31","1258932","913195","3998517","536870912","20000000","100000000000000000000000000000","e014e89cb3ea9fb1ff722b61af8a3fde9fc3eac22400c46d7eda868d3efbe3ed","2534307096","387031859","15958652328578","00000000000000000000000000000000000000000f234abf3d611f2a2e035aa0","03a798092cfabe6d6db8ea0c76fe7498150118c53e61df5b92413a55567b65f7c9ca46ffc60da0bea210000000f09f909f082f4632506f6f6c2f144d696e65642062792077616e6763687579696e6700000000000000000000000000000005003f480200","2707","1383","5320","8743","1491370069283","132622000","1492620069283","132733000","88819726","7898.43","70577.4","6.2762","22222.8","1.9762","22001.09165841","1250000000","111158","1338819726","119057","F2Pool"
"628902","0000000000000000000b60131ad8d463c5779fbbbce6ea5609b24e2d2e6fff95","2020-05-04","2020-05-04 14:09:31","2020-05-04 13:47:29","1147708","948532","3993304","536870912","20000000","100000000000000000000000000000","becc9cb200b730d181fd2292b9960cadf0ee5d4b4649003977754941befd1570","2832582084","387031859","15958652328578","00000000000000000000000000000000000000000f233c3b850fcc566f1d700c","03a698091a4d696e656420627920416e74506f6f6c68fd01550120820aec5bfabe6d6dc1c88a3e4f90c040fc21bc53278f454d9dcd8e637baa9d2914ae21cf3f49d8ba040000000000000033bf3e00b9370300","2590","686","5781","5793","286846638102","25508300","288096638102","25619400","28490571","2533.57","24832.1","2.20823","7137.12","0.634679","13095.03278534","1250000000","111158","1278490571","113692","AntPool"
"628901","000000000000000000070e0dd1b7880e9ef0daabeb000042cfb37f2d95184fe4","2020-05-04","2020-05-04 14:06:39","2020-05-04 13:20:40","1248205","915047","3993346","671080448","27ffe000","100111111111111110000000000000","a4c183d11b0ecb737f28be065ca20bf837a9127d4373e0347f6b1d7d8ea809e6","1625293837","387031859","15958652328578","00000000000000000000000000000000000000000f232db7ccbe7982b0378578","03a5980941d7ac085ce364f041d7ac085bdf2e1f2f315448617368263538434f494e2ffabe6d6d0dbc417faea1f1f4b298c727ea512a050821923f72915f42312a313565c9236a8000000000000000794c3cdbde46aa5ece0f0200","2808","1152","6133","6143","278724326470","24786000","279974326470","24897100","41351092","3677.21","33138.8","2.94692","10358.8","0.921168","12180.918435005","1250000000","111158","1291351092","114835","1THash&58COIN"
"628900","00000000000000000006d2032710dc7c9e96b7c780e932265829d959a4407a56","2020-05-04","2020-05-04 14:06:24","2020-05-04 13:11:29","1306509","895635","3993414","536870912","20000000","100000000000000000000000000000","ae656c8216e6358e8ac4b69fb0f625ce56b00bfae32a5a6629da320924c02d45","2060046208","387031859","15958652328578","00000000000000000000000000000000000000000f231f34146d26aef1519ae4","03a4980941d7ac08590eadce41d7ac085818ee182f315448617368263538434f494e2ffabe6d6d290fb16e5e69ce8ae0bb81a27045b780fe727c2cdce0b90b75bec60d90e8c51e8000000000000000dd0036bb0275450000000000","1945","1042","6364","5624","1579969056979","140501000","1581219056979","140612000","77533689","6894.8","59361.8","5.27884","19422.4","1.72717","33185.160932054","1250000000","111158","1327533689","118053","1THash&58COIN"
"628899","000000000000000000015bc396c1c6fd4ac0a88655895e54087219ff3107bbfe","2020-05-04","2020-05-04 13:53:25","2020-05-04 13:06:18","1277493","906950","3998343","1073733632","3fffe000","111111111111111110000000000000","e5fe9d5eda4ea3dbde22b5e81b8b341408b0ffc9f16b7e6930fe7dd260cd9571","468880942","387031859","15958652328578","00000000000000000000000000000000000000000f2310b05c1bd3db326bb050","03a398092cfabe6d6da40bc92a2b6272d8deadf3077b6befc0bad305c5768e52b2e52cf7839bf1b63c10000000f09f909f082f4632506f6f6c2f0f4d696e656420627920646f776167630000000000000000000000000000000000000000050097080000","2339","1376","5939","6264","758662641310","67465200","759912641310","67576400","62437074","5552.31","48892.3","4.34782","15622.5","1.38925","28997.006117798","1250000000","111158","1312437074","116710","F2Pool"
"628898","00000000000000000011a1075c91a8c84efac3981296c4924ac69e972f7f81f6","2020-05-04","2020-05-04 13:52:31","2020-05-04 12:59:30","1275467","905840","3992987","545259520","20800000","100000100000000000000000000000","bb21152f369f8906e600058072701dd29f9edc4e2ecd0b0b1f24a05feccc76c0","1366368108","387031859","15958652328578","00000000000000000000000000000000000000000f23022ca3ca81077385c5bc","03a29809041f1eb05e2f4254432e434f4d2f42697444656572fabe6d6da4225fce622b02ae665e985aa6b037fbdec73e88a3db8ad894bdd4eb7775ea280800000016ed7448010025a54eb88f0100000000","1966","973","5193","6382","852350983893","75796600","853600983893","75907800","74659557","6639.21","58550.2","5.20666","18703.3","1.66322","15740.994029823","1250000000","111158","1324659557","117797","BTC.com"
"628897","0000000000000000000ea4b8b6e7628472ab8e200f294e280a158ac4caafd50d","2020-05-04","2020-05-04 13:47:29","2020-05-04 12:46:43","1165814","942461","3993197","541065216","20400000","100000010000000000000000000000","a0914e4e4b6aba0aeaa99dbd07ea34cef86c2d684d46d3be7176f18a752f0d79","3404180120","387031859","15958652328578","00000000000000000000000000000000000000000f22f3a8eb792e33b49fdb28","03a198091b2f5669614254432f4d696e656420627920616363656c6e6574322f2cfabe6d6da09db8f8ffa5137424759b482e4cf25909252e2995231e820b250ceb20e2605c10000000000000001030086810f2ba972fd522dd445d550000","2336","1011","4543","6783","1449799753764","128926000","1451049753764","129037000","97337955","8655.92","83522","7.42732","24385","2.16847","16882.427342413","1250000000","111158","1347337955","119814","ViaBTC"
"628896","0000000000000000000d3c052425644d5869fdb138a2b62bd7eeaf92c750cb03","2020-05-04","2020-05-04 13:20:40","2020-05-04 12:42:33","1036532","985624","3993404","545259520","20800000","100000100000000000000000000000","96b091b5d00bcfc6cca2f1a9e069ac30b68dc59859c88d51a036915bdef9f1d9","4286293147","387031859","15958652328578","00000000000000000000000000000000000000000f22e5253327db5ff5b9f094","03a09809fabe6d6de08db8a9a0d2a0c5d353aaad3b582c7f41f48abb539529511985e19cb9fa0bc3010000000000000016650500368ebd5e75000000000000a8171dba022f736c7573682f","1252","232","2261","2770","787148348509","69998400","788398348509","70109500","99947161","8887.95","96459.9","8.57784","25036.9","2.22644","120242.26125454","1250000000","111158","1349947161","120046","SlushPool"
"628895","00000000000000000003a6500ff8a9e66a6f52e0817138bde3b64b02f26c3abf","2020-05-04","2020-05-04 13:11:29","2020-05-04 12:37:44","1101649","963911","3993382","536870912","20000000","100000000000000000000000000000","252a22099e9ce1230cf38535d0f2305c9e856da250aac51d62f5366cd50cc641","456794683","387031859","15958652328578","00000000000000000000000000000000000000000f22d6a17ad6888c36d40600","039f9809048514b05e2f706f6f6c696e2e636f6d2ffabe6d6d7fe91564bccf3640c753060c7d6d4eeb415e90a8366ff715571705077a0bf8050100000000000000ba8ab5b9943ef6fff864fe72d5ddcb21112b3fea3b007755000000000000","2009","524","2906","3759","670135167664","59592800","671385167664","59703900","74241791","6602.06","67415.6","5.99503","18598","1.65386","83998.079157564","1250000000","111158","1324241791","117760","Poolin"
"628894","00000000000000000002567435c55361c2a837e73732c0883d9129a8a7b33071","2020-05-04","2020-05-04 13:06:18","2020-05-04 12:28:10","1271025","907547","3993666","1073676288","3fff0000","111111111111110000000000000000","a5be19dac760c02e3de427ab9f5ed1a59009fe72e7798175adb6b066b9da5648","3736180374","387031859","15958652328578","00000000000000000000000000000000000000000f22c81dc28535b877ee1b6c","039e9809043613b05e2f706f6f6c696e2e636f6d2ffabe6d6d1d5460da27332e9b2a251d3d2ddb6e6da4d4114edd5000c8ffaebe79330caeba01000000000000009203296ad79f275d984609d182a5051511126e0bf300a2e7000000000000","2729","937","6087","6315","547331477856","48672300","548581477856","48783400","32539685","2893.64","25610.1","2.27742","8151.24","0.724861","9276.7568265212","1250000000","111158","1282539685","114052","Poolin"
"628893","0000000000000000001074571c8a77e8e5efb7e583d6b949d02805c68dc20335","2020-05-04","2020-05-04 12:59:30","2020-05-04 12:14:24","1461199","843982","3993145","805298176","2fffe000","101111111111111110000000000000","8c226f406fed72616d9065c777975b4c72f51a49cd7d63eb62a776d9bc3670b4","310269692","387031859","15958652328578","00000000000000000000000000000000000000000f22b99a0a33e2e4b90830d8","039d980904b311b05e7669702f7777772e6f6b65782e636f6d2ffabe6d6d4d9da841b08dc69ddb5ef5895781b3541269f1367128b963f568054491a56583020000004204cb9a27ab00cba88cad5ed97b4300","2541","1442","6316","7056","1107974172967","98528300","1109224172967","98639400","58640541","5214.7","40142.2","3.5697","14690.5","1.30637","21285.516575896","1250000000","111158","1308640541","116373","OKEX"
"628892","000000000000000000109fb646843174f7b42021be65e0f50a54ea2e8de747a5","2020-05-04","2020-05-04 12:46:43","2020-05-04 12:00:33","1195301","932748","3993545","536870912","20000000","100000000000000000000000000000","b0a08cebc3279e0632fa25a370f71567f3a1261273b612518ac007afeb6a1184","118235206","387031859","15958652328578","00000000000000000000000000000000000000000f22ab1651e29010fa224644","039c980904a70eb05e2f706f6f6c696e2e636f6d2ffabe6d6d7a28957b3b58c4a6eafc3419c5ff69e05605376ae38f0740a8f5bcf56c0deee001000000000000004da721808e4820f63c329fafcd7feacb108df1f6ce00662c000000000000","2327","656","5977","5041","498880251578","44363700","500130251578","44474800","21642029","1924.55","18112.7","1.6107","5421.52","0.482117","5521.064576942","1250000000","111158","1271642029","113083","Poolin"
"628891","00000000000000000011298d726f8f1152b87932cbc276fdfa710e1ed4f8ee54","2020-05-04","2020-05-04 12:42:33","2020-05-04 11:27:12","1417963","858425","3993238","939515904","37ffe000","110111111111111110000000000000","f6550700ff4292b0f5ed99c8b882c5fbf0beae6157e0700794bd039ee412fc0a","3658919399","387031859","15958652328578","00000000000000000000000000000000000000000f229c9299913d3d3b3c5bb0","039b980904ba0db05e7669702f7777772e6f6b65782e636f6d2ffabe6d6d451e3b75428dac801e7a04319509cfa20cbcd8b3562cdaa04d1117e8f68107b9020000004204cb9a180bd8049ab8260000000000","2425","1326","6196","6430","467399948175","41564200","468649948175","41675400","29941391","2662.58","21121.4","1.87825","7500.66","0.667008","7145.7490569017","1250000000","111158","1279941391","113821","OKEX"
"628890","0000000000000000000d49efe83ecb2571a323b881196e0a5f88f774f73df367","2020-05-04","2020-05-04 12:37:44","2020-05-04 11:08:52","1330913","887457","3993284","805298176","2fffe000","101111111111111110000000000000","6c8990ea6bf30baf0eb0ac89c1f31f182ba90a7b4e78e1b770548189a2f24674","464088723","387031859","15958652328578","00000000000000000000000000000000000000000f228e0ee13fea697c56711c","039a9809049b0cb05e2f706f6f6c696e2e636f6d2ffabe6d6d8e28dc1a3561c6172028174a835c6172764a835ce7f94817b0206703e944507501000000000000005349359779437211329a0ec97445437f14876dbc3c002fdc3a00ffffffff","2558","1367","5889","7187","684491496935","60869400","685741496935","60980600","53838537","4787.67","40465.8","3.59848","13487.9","1.19943","7633.0573173409","1250000000","111158","1303838537","115946","Poolin"
"628889","00000000000000000006a7af1ee2903ea7a5322a8e16b3a92b2d199e9426ad76","2020-05-04","2020-05-04 12:28:10","2020-05-04 11:05:19","1243807","916521","3993370","536870912","20000000","100000000000000000000000000000","2bf51f474d7e2a1d255403302e563b369ce938ca5c29dd144b58b587cf538b37","4248850451","387031859","15958652328578","00000000000000000000000000000000000000000f227f8b28ee9795bd708688","039998091b4d696e656420627920416e74506f6f6c3432fd006502205dcbe020fabe6d6d71059b8c4b353e007142f3817d49887b0b843a0fe0b01f9a460ee6ab0d206cdb0400000000000000f1cb0000051c0300","2441","1393","5902","6707","1284384867027","114216000","1285634867027","114327000","72812650","6474.97","58558.1","5.20737","18239.9","1.62201","64941.627444355","1250000000","111158","1322812650","117633","AntPool"
"628888","0000000000000000000222db9c0500a12941d52663cc06827b75731081cf7519","2020-05-04","2020-05-04 12:14:24","2020-05-04 11:01:44","1285235","902655","3993200","536870912","20000000","100000000000000000000000000000","7769681d84ebcd4b3c56b2319478381bc72fabc2a86bf9adc9c5b72bb8cc9c38","3269729436","387031859","15958652328578","00000000000000000000000000000000000000000f227107709d44c1fe8a9bf4","039898091a4d696e656420627920416e74506f6f6c2085019b002058e016f3fdd50000b2560200","2166","1181","6344","6523","1298459182638","115467000","1299709182638","115579000","78215093","6955.39","60872.6","5.41319","19593.2","1.74235","33639.984809037","1250000000","111158","1328215093","118114","AntPool"
"628887","0000000000000000000f894505143e4b2239163addb53cbe3ed65cbdad0fc8cd","2020-05-04","2020-05-04 12:00:33","2020-05-04 10:58:16","1261757","910560","3993437","545259520","20800000","100000100000000000000000000000","216b2837f95e35c574bb2326b9ea5b0b8297afa2c0dff35e929a9ad7f39d12fa","637850886","387031859","15958652328578","00000000000000000000000000000000000000000f226283b84bf1ee3fa4b160","0397980941d7ac00f920b4b441d7ac00f887c7c82f315448617368263538434f494e2ffabe6d6dc52872bc4dce1f1127478bf90a35c5f3ed28660199cd1af485c1a05ff018764280000000000000008fa5da6f84fe020000000000","2718","1283","5851","7688","1709219458966","151995000","1710469458966","152106000","96274407","8561.35","76325.4","6.78735","24116.9","2.14463","17313.77410637","1250000000","111158","1346274407","119719","1THash&58COIN"
"628886","000000000000000000113d88fe17682b2af912fe597c4269d82e1079b2603c7e","2020-05-04","2020-05-04 11:27:12","2020-05-04 10:54:18","1284952","904536","3998560","536870912","20000000","100000000000000000000000000000","14a7e3a2008852f3244105a9fb952a1ff1f45b570a89f2a9642da0e95832cb46","638850131","387031859","15958652328578","00000000000000000000000000000000000000000f2253fffffa9f1a80bec6cc","039698092cfabe6d6d6649a526e9f4bd46a946b784140430d7eacd0f587332d7c978b849440c6ba39c10000000f09f909f082f4632506f6f6c2f0e4d696e6564206279207974313233000000000000000000000000000000000000000000050061b5aa2a","2581","1469","5828","7426","1064280830062","94642800","1065530830062","94753900","69321333","6164.5","53967.9","4.79918","17344.1","1.54235","76123.06269513","1250000000","111158","1319321333","117323","F2Pool"
"628885","0000000000000000000844a398146815ebff4c9669740c7e251be9b73148d3b8","2020-05-04","2020-05-04 11:08:52","2020-05-04 10:46:19","475875","353919","1537632","1073733632","3fffe000","111111111111111110000000000000","51d7c53ffc674f414c9daf9308ca070c668bb4ced81c305c6586a5c83e4ff036","4034999493","387031859","15958652328578","00000000000000000000000000000000000000000f22457c47a94c46c1d8dc38","03959809049ef7af5e45552f48756f42692ffabe6d6d98756f4cfa22bd293cfe3af52c1f6cad0998656c3c8852ab85e3f135b39f6c150800000090fed21805a0e4ed0000b08746170000","919","515","2307","2268","180596082472","16059800","181846082472","16170900","17942965","1595.61","37734.7","3.35562","11679.7","1.03864","16755.258238208","1250000000","111158","1267942965","112754","Huobi"
"628884","00000000000000000002162867717511bcab99e948ccb9ef711d349c576cd70b","2020-05-04","2020-05-04 11:05:19","2020-05-04 10:38:59","395740","266880","1196380","1073676288","3fff0000","111111111111110000000000000000","b459f9771f7e43853ca6a911e4361b29b5add432d685b2b8cbc9df69237cf72e","59460013","387031859","15958652328578","00000000000000000000000000000000000000000f2236f88f57f97302f2f1a4","03949809fabe6d6d5dadde953a0382acec768dde3f3f789d4f4c29f15753ddc47a7d52ccbd87ebd1010000000000000007650800354cfee01f000000000000a30b43b5022f736c7573682f","897","486","1739","2408","94918285534","8440750","96168285534","8551910","12046116","1071.22","30468.7","2.70947","10080.7","0.896439","9261.8220287264","1250000000","111158","1262046116","112229","SlushPool"
"628883","00000000000000000007cfc2fc18497aadc3170a507b9e27561c4979add27f3f","2020-05-04","2020-05-04 11:01:44","2020-05-04 10:26:38","511870","332809","1510297","536870912","20000000","100000000000000000000000000000","fc0d17e14d1c1b08ee2dfa5a75a97f2360891a9846943dac2f937bb846678e10","3730266899","387031859","15958652328578","00000000000000000000000000000000000000000f222874d706a69f440d0710","039398091c4d696e656420627920416e74506f6f6c313332bc008d03203ee3b5bffabe6d6d607f9d342f501238343c4ca3c34a5e72c7f37f68f811e46205943f8e849f53be0400000000000000454f000075350200","937","486","2368","2680","225591156264","20061000","226841156264","20172200","14924641","1327.2","29178.9","2.59478","9891.25","0.879594","10879.803321256","1250000000","111158","1264924641","112485","AntPool"
"628882","0000000000000000000e27c2908a161056f67e7cdb9ea1ff425c818f8ff7aaa6","2020-05-04","2020-05-04 10:58:16","2020-05-04 10:15:41","1118817","730890","3311487","536870912","20000000","100000000000000000000000000000","2d82579a881d9e0851d078da57a82dc09073a12ade84d483982645c4cbb7ec6f","1925848104","387031859","15958652328578","00000000000000000000000000000000000000000f2219f11eb553cb85271c7c","03929809044af5af5e2f706f6f6c696e2e636f6d2f2eef0407a0b4b1201cc26de1a0150fc40f7a3e8798008f61000000000000","1239","684","4733","3355","312916030628","27826500","314166030628","27937700","14793640","1315.55","13226.1","1.17615","4468.84","0.397399","8021.3026589072","1250000000","111158","1264793640","112474","Poolin"
"628881","0000000000000000000a77c319c4f6d32b9958b3c2bcce9e99e60eecf17857bf","2020-05-04","2020-05-04 10:54:18","2020-05-04 10:13:13","1353781","879812","3993217","536870912","20000000","100000000000000000000000000000","da155f60ab994285249110f00c615d2cc02b9dd779a26574880bd0a9e4220a54","2024296017","387031859","15958652328578","00000000000000000000000000000000000000000f220b6d666400f7c64131e8","03919809fabe6d6dd70d9f1ecaac6f32899c6304f0c2dde5f6750f6f991ef4111b428c36fca5aff401000000000000002965070000e90c12d13e0098a8e04d022f736c7573682f","2809","1857","6259","6717","311742334118","27722200","312992334118","27833300","28369588","2522.81","20961.6","1.86404","7106.92","0.631994","20371.176595917","1250000000","111158","1278369588","113681","SlushPool"
"628880","0000000000000000000201d449acf34fcbe52ac4f513d8866efa2267b4511126","2020-05-04","2020-05-04 10:46:19","2020-05-04 09:53:12","1250916","914177","3993447","536870912","20000000","100000000000000000000000000000","0708f35add3dda9703bd6a531bbdc490c04c073903c1fe9e36129235f2194eca","4238110257","387031859","15958652328578","00000000000000000000000000000000000000000f21fce9ae12ae24075b4754","03909809047bf2af5e455530322f4254432e434f4d2ffabe6d6d1ee46fef626146b68247ffab94e97343254e76f826b5ec464e5b5b7eca33b1cf020000004204cb9a1f55a2505aa8030000000000","2222","978","6190","5492","449713888688","39991500","450963888688","40102600","27013337","2402.2","21602.2","1.92101","6767.11","0.601776","47480.26612902","1250000000","111158","1277013337","113560","BTC.com"
"628879","00000000000000000004689aa503f8f323bfa21615a878c07c8120600437ee84","2020-05-04","2020-05-04 10:38:59","2020-05-04 09:44:50","1218276","924950","3993126","536870912","20000000","100000000000000000000000000000","aeaa7e752779128abb649e03dbe3d452da80b0a1b4ed0c85f81c681e54361be2","2656453048","387031859","15958652328578","00000000000000000000000000000000000000000f21ee65f5c15b5048755cc0","038f9809fabe6d6df187b34f067d99433fa885098667d39bc7f8326ac67871a8a6236eedf9c2f8ed01000000000000006265060027060217840000000000000deb54b4022f736c7573682f","2498","1191","5847","6229","624554246791","55539400","625804246791","55650600","54873857","4879.74","45056.2","4.00669","13746.9","1.22247","55329.990271293","1250000000","111158","1304873857","116038","SlushPool"
"628878","00000000000000000001d54197b334909f0bebb7676ef2ef6ad37d149bf3ece8","2020-05-04","2020-05-04 10:26:38","2020-05-04 09:41:04","1336492","885716","3993640","1073676288","3fff0000","111111111111110000000000000000","f249b5f254422b3bf0f79d9e8e7e6e7f27b63d7533ae7dade01be6f53e72a674","960794371","387031859","15958652328578","00000000000000000000000000000000000000000f21dfe23d70087c898f722c","038e980904d9edaf5e2f706f6f6c696e2e636f6d2ffabe6d6d858854f1a5c2f1a02fda41f3026a7ba2282a644ccbae4060c709a6bf609bfd930100000000000000d6c7e6d90dacc1fc1f7e424b93689492115d6ba0dd00e157010000000000","2677","1334","6092","6960","800298499582","71167700","801548499582","71278900","38998263","3467.98","29189.3","2.5957","9769.18","0.868739","32955.341745601","1250000000","111158","1288998263","114626","Poolin"
"628877","00000000000000000007ee5339aa39a3930676223499bd9c1fb106ccbb9fbd8a","2020-05-04","2020-05-04 10:15:41","2020-05-04 09:20:38","1275993","905806","3993411","536870912","20000000","100000000000000000000000000000","f4b749503ebcae4d7117a8cc08f8f4e48572420778c71233c264a8dc1c6d85f7","4166822269","387031859","15958652328578","00000000000000000000000000000000000000000f21d15e851eb5a8caa98798","038d9809044debaf5e2f706f6f6c696e2e636f6d2ffabe6d6d79a39080d5d4428ecd89b9a88f7480e2c9612deb3c4d4bf7938db8a69841a7d80100000000000000b1d6671538327bd2568692dd8c5636bf1126318d9600ca1b190000000000","2731","1072","5839","6594","609074312043","54162800","610324312043","54274000","30427947","2705.85","23854.8","2.12132","7622.73","0.677863","434474.73463617","1250000000","111158","1280427947","113864","Poolin"
"628876","000000000000000000018c5354390f20ed45dd87b7c6623b44348040fb4dc9e5","2020-05-04","2020-05-04 10:13:13","2020-05-04 09:05:28","1310899","895940","3998719","536870912","20000000","100000000000000000000000000000","a705e1f7da715381dfec553a6796fd7b244504bd2a454c30b9b0e9dd0ad7aba4","608921809","387031859","15958652328578","00000000000000000000000000000000000000000f21c2dacccd62d50bc39d04","038c98092cfabe6d6dca44ce06ef475b41f073fa1f77c74ad00ec6a6fcefd1e4b810719909b2a660ab10000000f09f909f082f4632506f6f6c2f114d696e6564206279206a69756c69616e3300000000000000000000000000000000000005001d000000","2308","1233","6376","6052","2593502913820","230631000","2594752913820","230742000","79951613","7109.82","61011.3","5.42552","20003","1.77879","66584.51732601","1250000000","111158","1329951613","118268","F2Pool"
"628875","0000000000000000000468d0298cbf878261891431dbb57785aaf9505100fe4d","2020-05-04","2020-05-04 09:53:12","2020-05-04 09:02:53","1234221","921432","3998517","1073733632","3fffe000","111111111111111110000000000000","b78df825610f7b33cd4c3be3a5c2fb33cc325d25696e98fc6d626836fc151e53","138625461","387031859","15958652328578","00000000000000000000000000000000000000000f21b457147c10014cddb270","038b98092cfabe6d6db08d943b31bf62385848c3b61622329580fa941b301cba9fcff81c3c0e23c88010000000f09f909f082f4632506f6f6c2f114d696e6564206279206a69756c69616e33000000000000000000000000000000000000050075090000","2756","1138","5830","6558","326418248169","29027200","327668248169","29138400","33248710","2956.69","26949.1","2.39649","8318.86","0.739767","13675.605028674","1250000000","111158","1283248710","114115","F2Pool"
"628874","000000000000000000030c448165394a647f34cd36daee9554f90995b1e665c9","2020-05-04","2020-05-04 09:44:50","2020-05-04 08:57:58","1246689","915512","3993225","545259520","20800000","100000100000000000000000000000","9bbe3dba7e64604eea1b3f23f4d5ac80465e4880b5310bc51b2b1f210535e8fb","3429435214","387031859","15958652328578","00000000000000000000000000000000000000000f21a5d35c2abd2d8df7c7dc","038a98091b2f5669614254432f4d696e656420627920616d6972616d6972692f2cfabe6d6da68ef3d839c2f4e098df8d0c556e1c18eb32fe31b9b3f9970b279076af946778100000000000000010b40504102a2cf7887cb689e7f6680000","2813","1033","5655","6427","519172041146","46168200","520422041146","46279300","19800569","1760.8","15887.6","1.41283","4960.38","0.441109","17194.826063657","1250000000","111158","1269800569","112919","ViaBTC"
"628873","0000000000000000000f6264d30df5e69156e08e8c6d9953579ecb214ef26e30","2020-05-04","2020-05-04 09:41:04","2020-05-04 08:36:00","1328154","888399","3993351","1073733632","3fffe000","111111111111111110000000000000","0a92eecb7b5676f70d0153f7802d0f77d22dc89d1d452d1b6e8acd5d4e681f61","95962716","387031859","15958652328578","00000000000000000000000000000000000000000f21974fa3d96a59cf11dd48","0389980941d7abf8c6b6ad2941d7abf8c5b7339f2f4254432e544f502ffabe6d6d61e50343d6ad1a920e3af8ce4869c2ea9b043337a53b10c667e5f6744ce921eb8000000000000000e3004967e14c000000000000","2902","1512","5964","7810","1171894539652","104212000","1173144539652","104324000","68497681","6091.26","51588.5","4.58758","17159.1","1.52589","63163.47378977","1250000000","111158","1318497681","117249","BTC.TOP"
"628872","0000000000000000000e4fbbb560207eb57c5a85f20796cd3e84c568dca6d31c","2020-05-04","2020-05-04 09:20:38","2020-05-04 08:34:58","1305223","896004","3993235","541065216","20400000","100000010000000000000000000000","de40e9ae1fb38110d2ef2aeb1a38540bba0c7722c48e6153d7387b12302e00d7","2695187657","387031859","15958652328578","00000000000000000000000000000000000000000f2188cbeb881786102bf2b4","0388980941d7abf79a066f9241d7abf799ab0c132f315448617368263538434f494e2ffabe6d6dbc57dbfcde8fab270633ba24bc676d5df9a8868f6c9139a39671a5b50045848e8000000000000000c90002337829000000000000","2189","1228","5514","6007","893523660002","79457900","894773660002","79569100","72875874","6480.6","55850.7","4.96661","18256.5","1.62348","33690.328848482","1250000000","111158","1322875874","117639","1THash&58COIN"
"628871","0000000000000000000a4f4d68f12e436961d2ee1bb75740b7ce72898b02cf7c","2020-05-04","2020-05-04 09:05:28","2020-05-04 08:21:54","1181777","937236","3993485","536870912","20000000","100000000000000000000000000000","f0feff8f136281398af8bf38dd27917397dfbf743f6e634032718d47d865df22","2728327876","387031859","15958652328578","00000000000000000000000000000000000000000f217a483336c4b251460820","0387980904dddaaf5e535a30322f4254432e434f4d2ffabe6d6db1c2e3c279f5b78b2d44dddf6dce65593d424c1ae138a55da4535f791a48fd69080000007296cd104ff8fbb6ec20010000000000","1945","604","6034","4243","203503280833","18096800","204753280833","18208000","12487470","1110.47","10570.5","0.939997","3128.21","0.278181","16021.541228643","1250000000","111158","1262487470","112269","BTC.com"
"628870","00000000000000000003848e93f28a3fcb719f02408b07a3182c984292747867","2020-05-04","2020-05-04 09:02:53","2020-05-04 08:07:32","1492870","835254","3998632","536870912","20000000","100000000000000000000000000000","584ec700064fd95c05e9c661b5a513bfdf37aa7d1a407593f203021fb0926975","250294555","387031859","15958652328578","00000000000000000000000000000000000000000f216bc47ae571de92601d8c","038698092cfabe6d6de94913511f488574a9adec0a8830db2303b94f0dea5a2d614cd3881e5492422310000000f09f909f082f4632506f6f6c2f0f4d696e6564206279207a756f313838000000000000000000000000000000000000000005007f7e0000","1977","1085","6885","6105","520380984839","46275700","521630984839","46386800","28533686","2537.4","19119.2","1.7002","7138.95","0.634842","23935.562576653","1250000000","111158","1278533686","113696","F2Pool"
"628869","0000000000000000000c2bb6ba4caf312a30f36c8a02fb513b9c945ed75fe036","2020-05-04","2020-05-04 08:57:58","2020-05-04 08:05:02","1274637","906197","3993228","549453824","20c00000","100000110000000000000000000000","7315b4f675de749d756ed7dc3b2eca021b3c2936c2b3ef5e827800f748075ea0","2885392708","387031859","15958652328578","00000000000000000000000000000000000000000f215d40c2941f0ad37a32f8","0385980941d7abf645d9a59e41d7abf645a7c66c2f315448617368263538434f494e2ffabe6d6d4f219dfcabb5ea7d4098809ea29e55788d5cff014a56817cde818acf139f631f80000000000000008255607ccbc1030000000000","2574","1381","6058","7400","1077582336308","95825600","1078832336308","95936800","76713676","6821.88","60203.1","5.35365","19217.9","1.70898","81760.798520151","1250000000","111158","1326713676","117980","1THash&58COIN"
"628868","00000000000000000005aa18de3d766ecfaa9619dc18f9c18d0744cc42b1758c","2020-05-04","2020-05-04 08:36:00","2020-05-04 07:58:12","610004","390706","1782122","1073676288","3fff0000","111111111111110000000000000000","3252b051b42ab57ab7a81c58fcf3c694f9c19558e5cf3b04ac5eda5d44a1e46d","271881851","387031859","15958652328578","00000000000000000000000000000000000000000f214ebd0a42cc3714944864","0384980904d9d3af5e2f706f6f6c696e2e636f6d2ffabe6d6d0bcdc0a7eef9016ed4d891a1f29851cb21240ca7ced45ac76780d5fd14df64e70100000000000000014492f083e6ba9276cc9f6d7cf58426115d7087a7007415000000000000","1206","875","2811","2747","163728795275","14559800","164978795275","14671000","3462080","307.871","5679.65","0.505071","1944.5","0.172917","2604.7219239601","1250000000","111158","1253462080","111466","Poolin"
"628867","0000000000000000000bf78f16666df091f2b3b8983f4e1466370f0f19e7d5c2","2020-05-04","2020-05-04 08:34:58","2020-05-04 07:45:40","1325038","889480","3993478","671080448","27ffe000","100111111111111110000000000000","ccb6e89a14528169c52a70463700d4fa6e33abe82c41cf4da547dd27de09586e","1176341169","387031859","15958652328578","00000000000000000000000000000000000000000f21403951f1796355ae5dd0","0383980904b3d3af5e626a30332f4254432e434f4d2ffabe6d6d51419a6939c310f0974618da99f5a291c6ce151363bd7c82d547cc5551af8aa4080000007296cd10151db687d3c5400000000000","2669","1159","5995","6622","885584403600","78751900","886834403600","78863100","44279378","3937.61","33428.2","2.97265","11092.3","0.986404","9109.5325323173","1250000000","111158","1294279378","115096","BTC.com"
"628866","00000000000000000009cf84ac2f56a453966997012dadad034ae25584bb8931","2020-05-04","2020-05-04 08:21:54","2020-05-04 07:36:18","1327798","888340","3992818","536870912","20000000","100000000000000000000000000000","8ff28bcc34e55ed8e426857a6a673d621d65c457cc04be8b4a25842b7e65f4a3","610365475","387031859","15958652328578","00000000000000000000000000000000000000000f2131b599a0268f96c8733c","0382980904a2d0af5e2f427566666574742f63310204920b77e1a25e13216100","2507","1153","6036","6567","746584551998","66391200","747834551998","66502300","49309293","4384.9","37144","3.30309","12352.6","1.09848","13876.458036161","1250000000","111158","1299309293","115543","Unknown"
"628865","0000000000000000000be91a484c3941d84198d59d3dcc1ae8d47fd681fc8261","2020-05-04","2020-05-04 08:07:32","2020-05-04 07:31:51","310784","220281","971627","536928256","2000e000","100000000000001110000000000000","06e8bc216ad5a635c2baa94831e78675a3605c1ba85d8862f6d84118cbda86ac","3005290393","387031859","15958652328578","00000000000000000000000000000000000000000f212331e14ed3bbd7e288a8","038198092cfabe6d6daad94242ace81171aa401f8f2e52a73787d39e1602b57441cde62acaaf74aa6e10000000f09f909f082f4632506f6f6c2f124d696e65642062792068737775686169313500000000000000000000000000000000000500cad2ab5e","668","348","1389","1861","193903368969","17243100","195153368969","17354300","10449215","929.212","33672","2.99433","10773.6","0.958054","6395.1717628131","1250000000","111158","1260449215","112087","F2Pool"
"628864","00000000000000000011221ad4b2e1135c03bfd9968146149df3663bb5adc9ee","2020-05-04","2020-05-04 08:05:02","2020-05-04 07:28:19","1090540","809374","3518662","549453824","20c00000","100000110000000000000000000000","467b976d08ef401dca8edcfad85f5aea20a42912431cc7ae9c558fdf608e52ff","1122762058","387031859","15958652328578","00000000000000000000000000000000000000000f2114ae28fd80e818fc9e14","038098091b4d696e656420627920416e74506f6f6c3239ae00290020ffb120b6fabe6d6dad3ae02727f481bdf5def7e88fc8ec4c7ecbdc9916fbe1c5d493ad7bf96cebb90400000000000000a8c60d00221e0000","1980","1117","5240","5166","320840866693","28531300","322090866693","28642400","39141680","3480.73","35904.6","3.19287","11128.5","0.98962","17122.44938089","1250000000","111158","1289141680","114639","AntPool"
"628863","0000000000000000000b23ef8890612ef8e5fd74d1f4bbfc4546dd2650864a5a","2020-05-04","2020-05-04 07:58:12","2020-05-04 07:08:40","1322561","890331","3993554","536928256","2000e000","100000000000001110000000000000","26ad819d81dab751e5d642923c19b48b0af69c8f77661fedcc1441de3f402a9e","933626809","387031859","15958652328578","00000000000000000000000000000000000000000f21062a70ac2e145a16b380","037f98090400cbaf5e2f706f6f6c696e2e636f6d2ffabe6d6d7c80027c56e9f9091b7e4f028bcbec31acfeb30039fbe9ca2ba9822cf7981bea01000000000000000e62f7e06609164fc365d13f44dfdb051194c4fa62000d680100ffffffff","2487","1151","5918","6431","910932434482","81006000","912182434482","81117200","43271161","3847.95","32728.7","2.91045","10839.8","0.963945","119266.38624871","1250000000","111158","1293271161","115006","Poolin"
"628862","0000000000000000000016fc5a4c50f3718f526180f2d95ea985ef240c06d79e","2020-05-04","2020-05-04 07:45:40","2020-05-04 07:07:21","1146057","790622","3517923","541065216","20400000","100000010000000000000000000000","73f2fc95181ba3455631185f4ad67c70590b6515e0b24d18555962832b0d1e02","3763548822","387031859","15958652328578","00000000000000000000000000000000000000000f20f7a6b85adb409b30c8ec","037e98090425c8af5e2f4254432e434f4d2f42697444656572fabe6d6df0e690940e7ed583f09e1d8ce4d0539bda50b600c5139be1733b384edcb0e2530800000016ed74480200241268c5900100000000","2139","1078","5427","5420","1318204526256","117223000","1319454526256","117334000","32465845","2887.07","28336.4","2.51986","9231.87","0.820958","40189.731787122","1250000000","111158","1282465845","114045","BTC.com"
"628861","000000000000000000004c088a4c0216afea9b60eebbccf82022ac69a42d6a9d","2020-05-04","2020-05-04 07:36:18","2020-05-04 07:01:24","680344","450311","2031277","1073725440","3fffc000","111111111111111100000000000000","8ee9dde23f44f99a2fcf394027f40306f4dfab7f443e812d58cc16f5883d5f49","636728017","387031859","15958652328578","00000000000000000000000000000000000000000f20e9230009886cdc4ade58","037d980941d7abf17cefa3c241d7abf17c9276f12f48756f62692ffabe6d6d6698f5448fc6aad3a95a0788346ef19f35ec32b127b0570304a4f1838cda69ef8000000000000000c500b8c8fffa210000000000","1154","669","3290","2789","482240300496","42883900","483490300496","42995100","26477789","2354.58","38940","3.4628","13044.1","1.15997","11011.133882365","1250000000","111158","1276477789","113513","Huobi"
"628860","0000000000000000000d69b5965a38e0b9186a6752d9f2f11135f311e0dc03cd","2020-05-04","2020-05-04 07:31:51","2020-05-04 07:01:10","1218549","883251","3868302","545259520","20800000","100000100000000000000000000000","089b28547b237da48cfa33975c38f72664bcc45cc42d6173b75cef601c4ac2e7","1411856409","387031859","15958652328578","00000000000000000000000000000000000000000f20da9f47b835991d64f3c4","037c98091b2f5669614254432f4d696e65642062792073616c686f6f3838382f2cfabe6d6d411ff9f3feb4a2a38b1fde071b9c205bfe58c6cc79ad5cb561dc90d4213d6aff100000000000000010fd4afe0801953bf246522364aed30000","2342","1109","5722","5472","310337157365","27597200","311587157365","27708400","15151076","1347.33","12437.8","1.10605","3918.22","0.348434","35862.196309221","1250000000","111158","1265151076","112505","ViaBTC"
"628859","0000000000000000000f7b7d68fc1bbe3535cc094e46ffb48118ba51b5808769","2020-05-04","2020-05-04 07:28:19","2020-05-04 06:48:48","1345763","882547","3993404","541065216","20400000","100000010000000000000000000000","7287b69fb32ccfc672715b5ee8bd46bb95340ce23dd70e16a5b7cd4d9af245a5","2956620115","387031859","15958652328578","00000000000000000000000000000000000000000f20cc1b8f66e2c55e7f0930","037b98091b4d696e656420627920416e74506f6f6c3835bc00290220f2902867fabe6d6d94342b0423f13267741a28a4bfb408fd7837cddaa939c756707264d80433f5970400000000000000100a0300d46e0300","2616","1539","6026","7520","1329979572186","118270000","1331229572186","118382000","61896406","5504.23","46006.6","4.09121","15505.2","1.37882","47533.730471447","1250000000","111158","1311896406","116662","AntPool"
"628858","00000000000000000000ff9386e153bbd5686fa9d48f44502fc23177f3f576ae","2020-05-04","2020-05-04 07:08:40","2020-05-04 06:48:07","156746","106180","475286","541065216","20400000","100000010000000000000000000000","4564053d023a91149e8593134227f7cb593b97ffc6310f34456d08c129d4e7b8","2207381681","387031859","15958652328578","00000000000000000000000000000000000000000f20bd97d7158ff19f991e9c","037a98091a4d696e656420627920416e74506f6f6c32fd00fb0020eb88a5a1fabe6d6d96f4cc088ae48f917d40bdf5a1aac4fb5779c6e06a1da1d1d546730891dfd2b404000000000000003b3f0000e2240600","365","191","688","888","44969165034","3998950","46219165034","4110110","6176876","549.288","39502.9","3.51286","13035","1.15915","512.61574929491","1250000000","111158","1256176876","111707","AntPool"
"628857","00000000000000000004b4c7b95ed929c3deb793b39f090cdeba05f8b8d73e11","2020-05-04","2020-05-04 07:07:21","2020-05-04 06:47:51","1557092","789703","3926201","2147475456","7fffe000","111111111111111110000000000000","9f1d279c8934821486ab7f11fcafd11567e61ef238cb4821c0da24d4a0fbba64","657702755","387031859","15958652328578","00000000000000000000000000000000000000000f20af141ec43d1de0b33408","037998091b4d696e656420627920416e74506f6f6c34324e008d0020eb111e00fabe6d6de9cee27f7d59ab026dbde970e60835e9175aeba309508219ec140a8c2c4e46e304000000000000005d460000452b0000","1481","844","8163","3821","433445909525","38544800","434695909525","38656000","25466799","2264.67","16359.4","1.45478","6488.72","0.577019","20828.00695286","1250000000","111158","1275466799","113423","AntPool"
"628856","00000000000000000007100c34787326022b26e0d39a74d6a4c001d176539f2a","2020-05-04","2020-05-04 07:01:24","2020-05-04 06:24:50","350806","139088","768070","536870912","20000000","100000000000000000000000000000","d1ad7c1d814d50c38c3f651696fe914ae1ade09d86a4123f190e5160bbb29c0a","2455026586","387031859","15958652328578","00000000000000000000000000000000000000000f20a0906672ea4a21cd4974","0378980904bfbdaf5e2f706f6f6c696e2e636f6d2ffabe6d6d8479753f816c747df82dfdb5264cdbc3e80ab77bbfcb09712f6bc29885e7a7910100000000000000b882df9c9d7772e5a558aee99e87b5b210b1b3ba6700f601000000000000","274","223","2064","609","14270701843","1269040","15520701843","1380200","1369495","121.784","3908.79","0.347595","1786.91","0.158903","341.18235148238","1250000000","111158","1251369495","111280","Poolin"
"628855","000000000000000000066eec407db3debbed490fb2731a0802349153f00d9040","2020-05-04","2020-05-04 07:01:10","2020-05-04 06:17:33","1337166","885342","3993192","541065216","20400000","100000010000000000000000000000","38833a0ea9eb42f93d828fbcabcc5b0e277b3f0d894ac5dabd07ca29faefc90d","2931032914","387031859","15958652328578","00000000000000000000000000000000000000000f20920cae21977662e75ee0","037798091b4d696e656420627920416e74506f6f6c3438fd00c90220e8da77e6fabe6d6d4ee86c4df4d3e4928497b2ff9eab0a1c404b5642a3cf0300f929f0fa15cf86d304000000000000001f22000091500000","2573","1383","6255","6816","716207927981","63689900","717457927981","63801000","44833433","3986.88","33538.3","2.98244","11231.5","0.998775","7004.7059407786","1250000000","111158","1294833433","115145","AntPool"
"628854","0000000000000000000efe0a25f7e1bfad722f0212a776f3475b2bab0849aab1","2020-05-04","2020-05-04 06:48:48","2020-05-04 06:07:04","1487338","815146","3932776","1073733632","3fffe000","111111111111111110000000000000","2e045d472b270266a1a3229b10d3a82400a7fb4785a10a4dc7fe4529e64ee854","4172818740","387031859","15958652328578","00000000000000000000000000000000000000000f208388f5d044a2a401744c","037698092cfabe6d6d2a9495302162da43d0a84f45fd28aa2369670c9a4255ffe7554234cd5f43c46810000000f09f909f082f4632506f6f6c2f124d696e656420627920736d743274323430300000000000000000000000000000000000050034100000","1011","913","8276","4291","42294875941","3761140","43544875941","3872290","3537828","314.607","2379.37","0.211589","899.972","0.0800313","24416.128330689","1250000000","111158","1253537828","111473","F2Pool"
"628853","000000000000000000056db50b80ce66418628f971ed6e5797512d395c7f69b6","2020-05-04","2020-05-04 06:48:07","2020-05-04 05:51:07","1193404","934987","3998365","545259520","20800000","100000100000000000000000000000","34cb032f9d3b2107316954e3382a1b53a7e134dd8965c9b794027a8ab2467304","680747306","387031859","15958652328578","00000000000000000000000000000000000000000f2075053d7ef1cee51b89b8","037598092cfabe6d6d4d87965a1cb2b1261d7958e1e8fcd4507810ebe7f84c70916b3544567c37600c10000000f09f909f082f4632506f6f6c2f104d696e656420627920626d696e696e6700000000000000000000000000000000000000050033700000","1465","556","6171","3143","132956549023","11823400","134206549023","11934500","4725375","420.211","3961.1","0.352247","1182.34","0.105141","11751.473583651","1250000000","111158","1254725375","111578","F2Pool"
"628852","00000000000000000006a2e1b69e17364913dfad5157937c00fad774c89f34dc","2020-05-04","2020-05-04 06:47:51","2020-05-04 05:50:19","1268486","908297","3993377","536870912","20000000","100000000000000000000000000000","b685aeeffb2a29a2b5c47a4922d0b42b68b72b74fdd6525c3ed4eab18af24512","802347180","387031859","15958652328578","00000000000000000000000000000000000000000f206681852d9efb26359f24","037498091b4d696e656420627920416e74506f6f6c3539fd00f10120e3f519eafabe6d6d6fa60138d0817b9f8bf926f593c42dd9d882ad99cb932442e363749fba54f8b604000000000000000ac32800c70200ff","2641","1517","5974","7269","1002753074842","89171300","1004003074842","89282500","68061542","6052.48","53671.9","4.77285","17049.7","1.51617","24143.870165575","1250000000","111158","1318061542","117211","AntPool"
"628851","000000000000000000082e77903787828569215a2fcd4121e5db45f86822c1ea","2020-05-04","2020-05-04 06:24:50","2020-05-04 05:49:02","1209576","927977","3993507","536870912","20000000","100000000000000000000000000000","ae819ee6424fc3e703ed3aebc72bcebaf9d1d82f022e79480cdb31d592abbc8b","4288285922","387031859","15958652328578","00000000000000000000000000000000000000000f2057fdccdc4c27674fb490","037398090428b5af5e2f706f6f6c696e2e636f6d2ffabe6d6d8d08475153ccd97fd85e704849298b9db35db4093ff93cdb6a7dc8a286c6ca5d0100000000000000037aeafd728ecc00f673bf804284df19114d45b1e800a4db000000000000","1348","697","6475","3275","500957854534","44548400","502207854534","44659600","24957032","2219.34","20640.5","1.83548","6252.02","0.55597","11942.329526741","1250000000","111158","1274957032","113377","Poolin"
"628850","00000000000000000007871a4b774676d81c2476e47a65584cb9281272945f29","2020-05-04","2020-05-04 06:17:33","2020-05-04 05:45:21","1313158","893402","3993364","805298176","2fffe000","101111111111111110000000000000","9d12f8a85433ccb9448391f7cc691d27ac7f5b2888ae307d39462b1c699a3ef0","2862515563","387031859","15958652328578","00000000000000000000000000000000000000000f20497a148af953a869c9fc","0372980941d7abece00c223e41d7abecdf4eadcc2f315448617368263538434f494e2ffabe6d6d134dfcfc2195b1bb6eb3b2954aee3e9f1937e465919f455a9681cc427f2971708000000000000000b500cf96db92570000000000","2368","1120","6480","5817","373301026735","33196400","374551026735","33307500","38374609","3412.52","29231.8","2.59948","9613.08","0.854858","10502.962020385","1250000000","111158","1288374609","114571","1THash&58COIN"
"628849","0000000000000000000643c6282b268ee0f04dd1be956f4f39f20b97e9c2eb5b","2020-05-04","2020-05-04 06:07:04","2020-05-04 05:29:38","1203214","929928","3992998","805298176","2fffe000","101111111111111110000000000000","51613fc5f0a5584500ea40afb1d29a7854495e382390589cb49823022ba3363b","554339706","387031859","15958652328578","00000000000000000000000000000000000000000f203af65c39a67fe983df68","037198091a4d696e656420627920416e74506f6f6c2085010f0320d581a9b2fd930c008afb6a00","2018","1193","5856","6022","660466481361","58733000","661716481361","58844100","62022343","5515.43","51561.7","4.5852","15537.6","1.3817","7287.0569234832","1250000000","111158","1312022343","116674","AntPool"
"628848","0000000000000000000c43a894917fb9d8203912bf3899549b63eb762035bd6d","2020-05-04","2020-05-04 05:51:07","2020-05-04 05:13:46","1027925","988395","3993110","536870912","20000000","100000000000000000000000000000","18e6565e301387493def6268280c0fe94a7de769aae6fc803c84f5e95b92bdab","3188616768","387031859","15958652328578","00000000000000000000000000000000000000000f202c72a3e853ac2a9df4d4","03709809fabe6d6d695605beccc6dce5336f4bfeaffcd5583cc8660bde8b9e0338333f17be9d1e4601000000000000002865080001ed4810032875dcd00543022f736c7573682f","249","126","6686","510","47749172703","4246170","48999172703","4357320","4401569","391.416","4283.55","0.380921","1102.67","0.0980569","11333.496943714","1250000000","111158","1254401569","111550","SlushPool"
"628847","000000000000000000066ca36a99a1e7dfa656e0c2e5fda1b30713a8ea5916ba","2020-05-04","2020-05-04 05:50:19","2020-05-04 04:38:23","1031308","989054","3998470","1073676288","3fff0000","111111111111110000000000000000","bf1851497763f2e48204002f5cac05e912e104b8bc22dfade886dd61dcd8c418","3524917442","387031859","15958652328578","00000000000000000000000000000000000000000f201deeeb9700d86bb80a40","036f98092cfabe6d6d205c61ca6541efa7e4558be610f7e7a5e50de464859dcf47e15356f58d45639110000000f09f909f082f4632506f6f6c2f124d696e656420627920626870786867716c310000000000000000000000000000000000050099050000","317","143","6712","664","49546179401","4405970","50796179401","4517130","6268595","557.444","6081.01","0.540763","1568.43","0.139475","13748.749490763","1250000000","111158","1256268595","111716","F2Pool"
"628846","00000000000000000009391c46523db07bff6ccb61293eceac87a3cb46146433","2020-05-04","2020-05-04 05:49:02","2020-05-04 04:35:35","1255504","912536","3993112","549453824","20c00000","100000110000000000000000000000","2e60db7ba4f99c87ab6df32bb2a4f0fd952a811b8e38525c5166fb5a699a5d8f","1283830517","387031859","15958652328578","00000000000000000000000000000000000000000f200f6b3345ae04acd21fac","036e980941d7abeb3410ae5441d7abeb33c5f7b52f48756f62692ffabe6d6d05f83fe2d5b7e5adfa35bb528a9cd417a2f9860b39d41fe45d663ec1591592ba8000000000000000d500f6039115000000000000","2160","617","6705","4594","212831199359","18926300","214081199359","19037500","20676531","1838.69","16473.7","1.46495","5179.89","0.460629","19641.678841247","1250000000","111158","1270676531","112997","Huobi"
"628845","00000000000000000010a9a68d7bb9c5a905fd933b2d63a2bea1728f71351a41","2020-05-04","2020-05-04 05:45:21","2020-05-04 04:31:46","1366254","877503","3998763","536870912","20000000","100000000000000000000000000000","22d8fd18fb13d388dad5441a4a131190b6e4b68579f2b90618ba8e4cac3aec4f","2492723349","387031859","15958652328578","00000000000000000000000000000000000000000f2000e77af45b30edec3518","036d98092cfabe6d6d1e46c7bfac78d5952911ea4acc0cdb33421a8c5f419965395ab6e73532004cb810000000f09f909f082f4632506f6f6c2f154d696e6564206279207a74773137333039383134360000000000000000000000000000050079d8aaaa","2489","1404","6057","7638","797515062781","70920200","798765062781","71031400","54097571","4810.71","39608.9","3.52228","13534.4","1.20357","43794.251821804","1250000000","111158","1304097571","115969","F2Pool"
"628844","00000000000000000005a6cc4251bf7e79210e671e8a56030d92a0a65197744b","2020-05-04","2020-05-04 05:29:38","2020-05-04 04:31:31","1371412","873983","3993361","541065216","20400000","100000010000000000000000000000","e3ddad8f39acd703f95e50ee94566c3117419186ff98e00468c3c153417de630","3722249384","387031859","15958652328578","00000000000000000000000000000000000000000f1ff263c2a3085d2f064a84","036c98090443a8af5e455530322f4254432e434f4d2ffabe6d6d1ac3f91b66cf09d6e3483a8459e00e44802c035b5d81361495c97da6d644bffa020000004204cb9a31230e5c335c010000000000","2531","1591","5973","7442","912231964198","81121600","913481964198","81232800","53424680","4750.87","38968","3.46529","13383.7","1.19017","69487.873545861","1250000000","111158","1303424680","115909","BTC.com"
"628843","000000000000000000064a81add91d6e266215a558ccdf95b8d3f5c1679bfb59","2020-05-04","2020-05-04 05:13:46","2020-05-04 04:30:14","1352851","880116","3993199","549453824","20c00000","100000110000000000000000000000","b0b4f2621b48de0e8a1f6e306b18717405cfaca1e262450b52d796977e8ada83","136477972","387031859","15958652328578","00000000000000000000000000000000000000000f1fe3e00a51b58970205ff0","036b9809048ba4af5e626a30332f4254432e434f4d2ffabe6d6d5f44124e76e8199334c1a22da2140b430080dd867701e065e50109ae0f064868080000007296cd10cf018f6e7d91020000000000","2978","1819","5794","8960","1938969237797","172426000","1940219237797","172537000","80257604","7137.03","59343.4","5.2772","20106.6","1.78801","331439.69429294","1250000000","111158","1330257604","118295","BTC.com"
"628842","000000000000000000115bb180a19a565e55e2f55ba413acf3a98d4536abbcb1","2020-05-04","2020-05-04 04:38:23","2020-05-04 04:27:14","256508","193764","837800","549453824","20c00000","100000110000000000000000000000","c2926072527edd332dbdd9c735246020f076d0ec1bc36ad40ae71cc2a99aed7c","2526607550","387031859","15958652328578","00000000000000000000000000000000000000000f1fd55c520062b5b13a755c","036a98091a4d696e656420627920416e74506f6f6c208501230620b5ca08998402010032540300","558","335","1095","1778","116302754431","10342400","117552754431","10453600","8775370","780.363","34255.9","3.04626","10489.8","0.932824","16866.674347494","1250000000","111158","1258775370","111938","AntPool"
"628841","00000000000000000006de3ed372341216f3138371f7a730a17bc8e152b76ce3","2020-05-04","2020-05-04 04:35:35","2020-05-04 04:10:57","408084","273499","1228581","549453824","20c00000","100000110000000000000000000000","3b2b4d1573d666d0f979309789f0a99f36d55f5ca7fea88280dffd77f7fbb864","797546103","387031859","15958652328578","00000000000000000000000000000000000000000f1fc6d899af0fe1f2548ac8","036998091b4d696e656420627920416e74506f6f6c313139ae006f20b4c952bffabe6d6d2311d1cfa496d20fbb8ce0e7337ad6f2577b564e415161bb2d4eac68bcd271c90400000000000000637300c026603600","629","367","2058","1522","166082485659","14769100","167332485659","14880300","14650932","1302.86","35935.4","3.19561","11938.9","1.06168","1449.0039370343","1250000000","111158","1264650932","112461","AntPool"
"628840","00000000000000000007ec9e0ac6eba59eeb086284f11953f0d3107660cb3b17","2020-05-04","2020-05-04 04:31:46","2020-05-04 03:55:52","72311","42875","200936","1073733632","3fffe000","111111111111111110000000000000","02bd68ade2b3a64e6cc5969da8b7506f092b29a0da3fe567469a865837bcb10a","2810231552","387031859","15958652328578","00000000000000000000000000000000000000000f1fb854e15dbd0e336ea034","0368980904b29aaf5e2f427566666574742f633101046344968ba25ed3360500","161","90","315","338","6758472911","601007","8008472911","712166","2717654","241.671","37728.4","3.35506","13593.2","1.20879","14.951588823975","1250000000","111158","1252717654","111400","Unknown"
"628839","00000000000000000009edfe8b5acdce933acfc9f1fd019fc667c280cc1a2a46","2020-05-04","2020-05-04 04:31:31","2020-05-04 03:54:38","310941","147168","752445","550453248","20cf4000","100000110011110100000000000000","d4d6a31e9d6873eef548988963d9eb71d6445d91fb845bafac360016024d44e6","3298916516","387031859","15958652328578","00000000000000000000000000000000000000000f1fa9d1290c6a3a7488b5a0","0367980941d7abe6a2d1517d41d7abe6a24a4ee42f315448617368263538434f494e2ffabe6d6dfa7efd8e656af896641d81739d88e0298b1b83b8ff1ce9a27d09c747439aa4cd8000000000000000d200f5010300000000000000","217","136","1651","607","17397601042","1547110","18647601042","1658270","4032195","358.569","12983.9","1.15461","5369.07","0.477452","259.58901274552","1250000000","111158","1254032195","111517","1THash&58COIN"
"628838","00000000000000000010bfc8ca7867b12a657d475721b571ae191dafcc53c6eb","2020-05-04","2020-05-04 04:30:14","2020-05-04 03:51:19","239247","185936","797055","541065216","20400000","100000010000000000000000000000","4aaa139d52c7fa8ca6bb9f7f4206a02b69924a7600ae8776e2c219902c852fcb","4347637","387031859","15958652328578","00000000000000000000000000000000000000000f1f9b4d70bb1766b5a2cb0c","036698091b4d696e656420627920416e74506f6f6c39328501050220b2e0982afabe6d6ddbba0f09e8782af8fe094c225fffbd919acb7c431d23f8d969da988ec650755404000000000000006d2a000004ce0000","542","291","1109","1303","83026258597","7383240","84276258597","7494390","10111015","899.137","42329.4","3.76421","12708.1","1.13009","15011.399415478","1250000000","111158","1260111015","112057","AntPool"
"628837","00000000000000000001b615c9cece0d5a41cc80d9d0321b186100e1e245a5ce","2020-05-04","2020-05-04 04:27:14","2020-05-04 03:48:22","1298127","896531","3987720","1073733632","3fffe000","111111111111111110000000000000","d38a99f4c00e318d86882173eb4770eaf3cd1216edfb684b12f5e349f4a8b542","973122436","387031859","15958652328578","00000000000000000000000000000000000000000f1f8cc9b869c492f6bce078","03659809048499af5e7669702f7777772e6f6b65782e636f6d2ffabe6d6d09bd21d7b0e5b5a700f7a3b355a99d35cea989b75530ef32fc64b8e25a589a86020000004204cb9a2407a6284f1f000000000000","3057","1837","5779","7377","564611164521","50208900","565861164521","50320100","38538390","3427.08","29696.3","2.64079","9667.67","0.859712","9577.8107529308","1250000000","111158","1288538390","114585","OKEX"
"628836","0000000000000000000e577751d580ebeae8641c328280d5a1019767a44764e1","2020-05-04","2020-05-04 04:10:57","2020-05-04 03:34:57","1247126","915400","3993326","671080448","27ffe000","100111111111111110000000000000","de1d06fb9a8fd95bdf2558ac460fecd68262a14d229020f11f1e217b3ef3eac5","3434397220","387031859","15958652328578","00000000000000000000000000000000000000000f1f7e46001871bf37d6f5e4","0364980904d195af5e687a2f42696e616e63652ffabe6d6d6a58ef4f594bff58b46c4f2f6f3d0ae0fd5a31832fed5969a82016df68d28870020000008df9e4830704fe6e0000218c78846f00","1856","1064","5934","5297","738190628240","65644700","739440628240","65755900","58468696","5199.42","46896.8","4.17037","14646.7","1.30248","71759.856289813","1250000000","111158","1308468696","116358","Binance"
"628835","000000000000000000088a8d2a6870ba5a080f0c85fd85c6eddd9c4c8645e1e9","2020-05-04","2020-05-04 03:55:52","2020-05-04 03:20:34","82400","48508","227924","537477120","20094000","100000000010010100000000000000","98a84fa029f25b1972a1432441ad2947063fc5b69b216dd4de9dc971fae14602","3933681495","387031859","15958652328578","00000000000000000000000000000000000000000f1f6fc247c71eeb78f10b50","0363980941d7abe48dade96a41d7abe48d2627e32f315448617368263538434f494e2ffabe6d6dde14b05c9e55839ce871651433edd05f1d585814e93f653ebc1e33522365fd468000000000000000b50023dd0900000000000000","207","152","333","462","14810689303","1317060","16060689303","1428220","2603216","231.495","31741.5","2.82266","11494","1.02212","73.028089978866","1250000000","111158","1252603216","111390","1THash&58COIN"
"628834","0000000000000000000e34ccd03cb15f32dc8621e9fc0c585569ac8d0736880a","2020-05-04","2020-05-04 03:54:38","2020-05-04 03:17:12","341469","247826","1084947","536870912","20000000","100000000000000000000000000000","2b75ff98a205f17675ba8a423781065a6beffa7bf013318a73b1d04319c46bd2","1714868132","387031859","15958652328578","00000000000000000000000000000000000000000f1f613e8f75cc17ba0b20bc","0362980904ff91af5e455530322f4254432e434f4d2ffabe6d6da5a406b613b80767e521d832756be996b829b73f544042ff38b2da7ba54af672020000004204cb9a3faea8f0a665000000000000","830","515","1382","1932","203817863293","18124800","205067863293","18236000","11720371","1042.25","34366.2","3.05606","10818.6","0.962059","532.15970590324","1250000000","111158","1261720371","112200","BTC.com"
"628833","0000000000000000000b5389d816ccdba263e9044af012d7fd1e56cb9fa41966","2020-05-04","2020-05-04 03:51:19","2020-05-04 02:57:23","227219","147177","668750","536928256","2000e000","100000000000001110000000000000","5d217f359323de78e06baf987ae9db4894d1afd2357f7bd61f423c06e2d4a9d9","532612429","387031859","15958652328578","00000000000000000000000000000000000000000f1f52bad7247943fb253628","036198092cfabe6d6d77eda24de30c0226eb368a1a2c2930718f6676c24d5698214dddba06cd42b8e910000000f09f909f082f4632506f6f6c2f154d696e6564206279206c696e66616e796f756a6b620000000000000000000000000000050040150000","453","250","1005","1100","41186677444","3662590","42436677444","3773750","7319967","650.939","32280.8","2.87062","10974.2","0.975894","440.13177153709","1250000000","111158","1257319967","111809","F2Pool"
"628832","00000000000000000002c849630819986945b62ac4d1847dda9b3750e0db5423","2020-05-04","2020-05-04 03:48:22","2020-05-04 02:45:52","1138418","805148","3553862","536870912","20000000","100000000000000000000000000000","95ab04a53a219a832295bbf631e0aa335820638aed8a01598506413b245bb146","275909124","387031859","15958652328578","00000000000000000000000000000000000000000f1f44371ed326703c3f4b94","036098092cfabe6d6d42d23dabd39870865bda573f7c3a1c8cda456f987ebeebbe8b5ca97d80e73f7110000000f09f909f082f4632506f6f6c2f0f4d696e6564206279206c6565656c3300000000000000000000000000000000000000000500d7052500","2333","1451","5235","5945","422622735689","37582400","423872735689","37693500","41709037","3709.04","36652.5","3.25938","11742","1.04417","27104.845048989","1250000000","111158","1291709037","114867","F2Pool"
"628831","00000000000000000006db82ec94f809cdd61444d47363f17cbc284dd7feaaa8","2020-05-04","2020-05-04 03:34:57","2020-05-04 02:44:43","1027111","717471","3179524","541065216","20400000","100000010000000000000000000000","32703d49ba5f2726bf9c1d08c99c1370dede13d5386ba87a743dc85ec6621f73","3956715035","387031859","15958652328578","00000000000000000000000000000000000000000f1f35b36681d39c7d596100","035f980941d7abe3588eded041d7abe3586aa87f2f315448617368263538434f494e2ffabe6d6d80aff3c2c928b9d51b245038abac160042b478d9b6ae922ead8b8688003ce5468000000000000000d2006a783915000000000000","2238","1349","4494","6047","766753303838","68184700","768003303838","68295800","36686930","3262.44","35732.1","3.17753","11543.8","1.02655","73081.286333187","1250000000","111158","1286686930","114421","1THash&58COIN"
"628830","0000000000000000000dd32730a41e24f251c394c9112a7a4407e009267d1836","2020-05-04","2020-05-04 03:20:34","2020-05-04 02:43:11","1091903","792894","3470585","549453824","20c00000","100000110000000000000000000000","17b3e9c129889c6667ba7c9a1e6a81803871845906242e80fea59a38e94503d2","2410225353","387031859","15958652328578","00000000000000000000000000000000000000000f1f272fae3080c8be73766c","035e98091c4d696e656420627920416e74506f6f6c313333850137022099f6c155fabe6d6d682ca10bca8b73c26e499a26ae4fdb75583b7fb35ac9f937a63a2d993f2826f4040000000000000004f30000327d0500","1471","958","5684","3401","112583998238","10011700","113833998238","10122900","14017160","1246.5","12841.9","1.14198","4040.5","0.359308","5271.3144320543","1250000000","111158","1264017160","112405","AntPool"
"628829","0000000000000000000c1c9c05b8351f15f27562c0aeedb3bd4b7816e883e561","2020-05-04","2020-05-04 03:17:12","2020-05-04 02:33:57","1304414","896313","3993353","541065216","20400000","100000010000000000000000000000","2d267048f748545ac68a47b9c89791d4d6f1117a2a242910cb46e2a2c3136a30","4235258034","387031859","15958652328578","00000000000000000000000000000000000000000f1f18abf5df2df4ff8d8bd8","035d98091b4d696e656420627920416e74506f6f6c3236ae00b5012098c1bb96fabe6d6d2a40d1ca9e5df232722e7b3337822005bc7b216c1495ebd623b180e6a144dda704000000000000004d830000246c0700","2334","1320","5803","7416","1046272713189","93041400","1047522713189","93152500","63291695","5628.31","48535.4","4.31608","15854.9","1.40992","17340.50350507","1250000000","111158","1313291695","116786","AntPool"
"628828","0000000000000000000a9a761a6f41de08926eb856fe42477757d4384d4c5009","2020-05-04","2020-05-04 02:57:23","2020-05-04 02:32:45","1190524","934335","3993529","1073733632","3fffe000","111111111111111110000000000000","25604b18b85732cf24c34ba8b9fb6f904feca2c75ac68464d8239f55c16e055f","350139786","387031859","15958652328578","00000000000000000000000000000000000000000f1f0a283d8ddb2140a7a144","035c9809048e84af5e2f706f6f6c696e2e636f6d2ffabe6d6db4587f1ea745fc5158e2d3037d1653d0c650de1e98d7598412559276d5503b3501000000000000000e62f7e06609164fc365d13f44dfdb051189dc1d3300f8680100ffffffff","1771","1003","4201","13524","770374861708","68506700","771624861708","68617900","57225832","5088.89","48085.7","4.2761","14335.6","1.27482","9037.3681580735","1250000000","111158","1307225832","116247","Poolin"
